{
  "value_attributes": {
    "shape": [
      "square",
      "right triangle",
      "diamond",
      "star",
      "pac-man",
      "octagon",
      "circle",
      "pentagon",
      "triangle",
      "heart",
      "plus"
    ],
    "size": [
      "small",
      "large",
      "very large",
      "huge",
      "medium",
      "very small"
    ],
    "fill": [
      "right-half",
      "no",
      "yes",
      "left-half",
      "bottom-half",
      "top-half"
    ],
    "alignment": [
      "top",
      "top-right",
      "top-left",
      "bottom",
      "bottom-right",
      "bottom-left",
      "left",
      "right",
    ]
  },
  "reference_attributes": [
    "above",
    "overlaps",
  ],
  "number_attributes": [
    "angle"
  ],
  "multiple_reference_attributes": [
    "inside"
  ]
}